{"type": "block", "layer": 0, "block": 0, "features": [{"geom": {"triangles": {"v": [-209.76846791262506, -41.920354372268775, 44.30942916870117, -211.67471791262506, -29.123479372268775, 45.01953887939453, -216.51846791262506, -33.592229372268775, 45.08134841918945, -197.33096791262506, -29.264104372268775, 43.81108474731445, -207.51846791262506, -25.389104372268775, 45.54857635498047, -215.01846791262506, -24.404729372268775, 46.311187744140625, -210.86221791262506, -21.045354372268775, 46.63326644897461, -201.89346791262506, -23.326604372268775, 44.160423278808594, -202.76846791262506, -22.029729372268775, 44.593318939208984, -190.89346791262506, -23.498479372268775, 43.823774337768555, -195.54971791262506, -18.217229372268775, 44.30323028564453, -196.17471791262506, -30.498479372268775, 43.760704040527344], "f": [0, 1, 2, 3, 1, 0, 4, 1, 3, 5, 1, 4, 6, 5, 4, 7, 4, 3, 8, 4, 7, 7, 3, 9, 10, 7, 9, 11, 3, 0]}, "centroids": [[-204.8220899674343, -29.42087039235048, 44.29217529296875]]}, "mtl": 0}], "featureCount": 1, "startIndex": 0}