{"type": "block", "layer": 1, "block": 0, "features": [{"geom": {"lines": [[-630.9024594499497, -466.3169957686623, 36.476806640625, -630.9024594499497, -466.3169957686623, 36.476806640625, -630.9024594499497, -466.3169957686623, 36.476806640625, -630.9024594499497, -466.3169957686623, 36.476806640625, -630.9024594499497, -466.3169957686623, 36.476806640625, -484.07939859549515, -474.82925558960414, 36.866737365722656, -432.15177223359933, -467.411023252178, 36.123220443725586, -374.66047161864117, -411.77428072158364, 36.059953689575195, -344.98754226899473, -350.57386393789784, 36.37051963806152, -287.49624165403657, -261.5550758889294, 36.37153244018555, -248.55052188260015, -191.08186868351186, 36.96371841430664, -168.8045242553926, -98.35396446584491, 36.786264419555664, -131.7133625683491, -27.88075726039824, 36.481597900390625, -99.0267763317679, -14.43521114892792, 37.67267417907715, -62.63107392616803, -17.21704827537178, 36.59555625915527, 5.523935673816595, -50.13545427264762, 36.2956657409668, 64.86979437310947, -90.93573212841875, 36.41297912597656, 148.32490816904465, -157.6998231651378, 36.02514457702637, 209.52532495267224, -204.06377527397126, 36.17731857299805, 263.307509398961, -244.8640531297715, 36.2589168548584, 330.0716004356509, -255.99140163589618, 36.31990432739258, 367.3519040902611, -258.61248236952815, 36.20148849487305, 367.3519040902611, -258.61248236952815, 36.20148849487305, 367.3519040902611, -258.61248236952815, 36.20148849487305, 367.3519040902611, -258.61248236952815, 36.20148849487305, 367.3519040902611, -258.61248236952815, 36.20148849487305, 367.3519040902611, -258.61248236952815, 36.20148849487305]]}, "mtl": 0}], "featureCount": 1, "startIndex": 0}