{"type": "block", "layer": 2, "block": 0, "features": [{"geom": {"lines": [[-614.7380645817029, -408.9160897472757, 40.864301681518555, -513.3121829368756, -406.027189410117, 40.27084541320801, -454.8134591142298, -358.6897161962115, 40.40628433227539, -393.38815265282756, -235.62676276324783, 48.186519622802734, -345.21557752316585, -173.40385322074872, 50.118587493896484, -301.0573836543481, -93.11622800462646, 49.619346618652344, -239.62239551788662, -32.78571054615895, 48.3780517578125, -209.25381224881858, 6.527666825277265, 49.9314079284668, -163.4827827833942, 43.24146656141966, 47.54983901977539, -126.43179880926618, 81.50935684042634, 53.21107864379883, -96.32393935322762, 95.55969125323463, 53.741851806640625, -20.543999341200106, 95.26780665726983, 48.37031173706055, 33.16227806324605, 83.0719215106219, 47.40382385253906, 98.01353981398279, 55.12694398648455, 47.837562561035156, 159.9664896267932, 0.7812809322495013, 46.99052047729492, 206.33258827863028, -70.9131936824997, 45.40398406982422, 243.7915607522591, -90.22022441259469, 45.532257080078125, 341.2436180746299, -151.32475628631073, 54.14522933959961, 376.52827915840317, -189.07155214762315, 12.0]]}, "mtl": 0}, {"geom": {"lines": [[-612.600324535335, -454.23560203495435, 38.86054229736328, -543.6726083019748, -460.4613312431029, 39.07190132141113, -482.52705357887316, -464.0188907906413, 39.285125732421875, -438.05755923478864, -458.01550905421027, 38.410715103149414, -414.4887272324413, -436.0031093538855, 39.08879089355469, -401.87050821230514, -422.4955004467047, 38.237449645996094, -387.64027002220973, -409.1546521434793, 38.090816497802734, -346.7283352256636, -332.6671218717529, 38.35890007019043, -301.8860635358724, -266.0401429293561, 38.45716857910156, -277.0779897093307, -220.99310420025722, 38.82391166687012, -255.06559000903508, -183.19403400781448, 40.539113998413086, -231.94145295006456, -155.62294751449372, 39.69488716125488, -201.25750185264042, -119.82500456753769, 40.150800704956055, -169.35705232812325, -75.99996485045995, 39.037038803100586, -149.33936720585916, -40.05784908783971, 39.439767837524414, -140.44546833710046, -22.659159425733378, 39.503353118896484, -133.83063105342444, -17.60075444407994, 39.2503719329834, -112.15175256069051, -8.92920304692234, 39.90054512023926, -101.03437897469848, -4.871361688099569, 41.45759201049805, -68.39411036367528, -7.066596585791558, 38.983829498291016, -14.54340549040353, -23.716150827065576, 38.37503433227539, 61.49134112993488, -69.96256771788467, 39.45390510559082, 108.26584149268456, -111.36724537290866, 38.41468620300293, 154.67055487720063, -149.59115325607127, 38.25008583068848, 210.53749800560763, -195.966390850459, 39.3037109375, 245.18067890772363, -216.03477624439984, 40.41175079345703, 285.8669844993274, -233.850477061118, 41.70578384399414, 317.9226721038576, -239.73693058325443, 41.411808013916016, 349.6839679898112, -233.82275824598037, 38.67617988586426]]}, "mtl": 0}], "featureCount": 2, "startIndex": 0}