{"type": "block", "layer": 3, "block": 0, "features": [{"geom": {"pts": [[-219.61646844516508, -73.03269200288923, 42.36455154418945]], "r": 3}, "mtl": 0, "lbl": "Holy Trinity", "lh": 10.0}, {"geom": {"pts": [[-13.567797671246808, -42.502646660635946, 38.15999984741211]], "r": 3}, "mtl": 0, "lbl": "Town Bridge", "lh": 10.0}, {"geom": {"pts": [[122.31748994556256, 429.5200099136273, 93.68992614746094]], "r": 3}, "mtl": 0, "lbl": "Christchurch", "lh": 10.0}], "featureCount": 3, "startIndex": 0}